<?xml version="1.0" encoding="utf-8"?>
<extension type="plugin" version="5.0" group="ajax" method="upgrade">
    <name>PLG_AJAX_NEWSFLASH</name>
    <author>Julio & ChatGPT</author>
    <version>1.0.1</version>
    <description>AJAX loader for Newsflash articles (Joomla 5 ready)</description>
    <files>
        <filename plugin="newsflash">ajax/newsflash.php</filename>
        <filename>index.html</filename>
    </files>
    <languages>
        <language tag="en-GB">language/en-GB/en-GB.plg_ajax_newsflash.ini</language>
    </languages>
</extension>
